VSTATION,NR,DATUM,DAGNR,OBS,XTEMP,LTEMP,HTEMP,XGR,LGR,HGR,XHUM,LHUM,HHUM,NED,NEDA,XVH,XVR,SOLIN,GRD0,GRD3,GRD5,GRD7,GRD8,GRD10,BLFUKT,MT05,MT10,MT20,MT50,OBST,OBSR,OBSS,SNOW
Stockholm-arlanda (SMHI),460,20200615,167,24,17.6,5.2,23,,,,46.7,26,89,,,2.8,32,,888,517,342,227,186,123,,,,,,,,,
Stockholm-arlanda (SMHI),460,20200616,168,24,14.4,9.3,17.9,,,,83.4,51,100,,,2.3,36,,903,529,351,234,192,127,,,,,,,,,
Stockholm-arlanda (SMHI),460,20200617,169,24,13.1,9.7,15.3,,,,95.1,88,100,,,2,14,,916,539,359,240,197,131,,,,,,,,,
Stockholm-arlanda (SMHI),460,20200618,170,24,17,8.8,22.4,,,,74.1,51,100,,,1.3,319,,933,553,371,251,207,138,,,,,,,,,
Stockholm-arlanda (SMHI),460,20200619,171,24,19.4,10.7,25.2,,,,66.9,42,99,,,3.3,39,,952,569,386,263,218,147,,,,,,,,,
Stockholm-arlanda (SMHI),460,20200620,172,24,19.1,13.4,24,,,,67.1,47,97,,,4.5,53,,971,585,400,275,229,156,,,,,,,,,
Stockholm-arlanda (SMHI),460,20200621,173,24,18,13,22.3,,,,55.5,34,95,,,3.8,80,,989,600,413,286,239,164,,,,,,,,,
Stockholm-arlanda (SMHI),460,20200622,174,24,16.8,9.4,20.8,,,,59.2,36,91,,,2.9,97,,1006,614,425,296,248,171,,,,,,,,,
Stockholm-arlanda (SMHI),460,20200623,175,24,18,8.3,24.3,,,,64.8,38,97,,,1.1,280,,1024,629,438,307,258,179,,,,,,,,,
Stockholm-arlanda (SMHI),460,20200624,176,24,21.7,12.7,27,,,,56.9,32,92,,,1.7,213,,1046,648,454,321,271,191,,,,,,,,,
Stockholm-arlanda (SMHI),460,20200625,177,24,22.4,15.3,28.4,,,,54.1,35,86,,,2.1,223,,1068,667,472,337,286,203,,,,,,,,,
Stockholm-arlanda (SMHI),460,20200626,178,24,21.7,11.6,27.3,,,,54.4,30,87,,,2.9,189,,1090,686,488,352,300,215,,,,,,,,,
Stockholm-arlanda (SMHI),460,20200627,179,24,22.2,14.7,27.3,,,,54.4,34,84,,,2.5,173,,1112,705,506,367,314,227,,,,,,,,,
Stockholm-arlanda (SMHI),460,20200628,180,24,21.7,15.2,26.9,,,,65.9,36,94,,,3.8,88,,1134,724,522,381,327,239,,,,,,,,,
Stockholm-arlanda (SMHI),460,20200629,181,24,18,13.1,21.4,,,,74,41,97,,,2.3,250,,1152,739,535,392,338,247,,,,,,,,,
Stockholm-arlanda (SMHI),460,20200630,182,24,14.5,11.8,18,,,,82.5,63,95,,,2.7,236,,1166,750,545,400,344,251,,,,,,,,,
Stockholm-arlanda (SMHI),460,20200701,183,24,14.7,11.6,18.2,,,,75.9,55,94,,,2.9,260,,1181,762,555,408,351,256,,,,,,,,,
Stockholm-arlanda (SMHI),460,20200702,184,24,14.6,11.2,17.9,,,,77.3,58,97,,,3,201,,1196,774,564,415,357,261,,,,,,,,,
Stockholm-arlanda (SMHI),460,20200703,185,24,14.1,7.6,18.3,,,,62.4,43,93,,,3.3,242,,1210,785,573,422,363,265,,,,,,,,,
Stockholm-arlanda (SMHI),460,20200704,186,24,13.5,10.5,16.3,,,,86.3,71,97,,,2.3,256,,1223,795,581,429,369,268,,,,,,,,,
Stockholm-arlanda (SMHI),460,20200705,187,24,14.4,12.9,18.4,,,,87.8,70,99,,,4.2,142,,1237,806,591,436,375,273,,,,,,,,,
Stockholm-arlanda (SMHI),460,20200706,188,24,13.8,11.8,16.7,,,,70.2,50,90,,,6.7,216,,1251,817,600,443,381,276,,,,,,,,,
Stockholm-arlanda (SMHI),460,20200707,189,24,13.7,10.5,17.9,,,,66.4,44,90,,,4.1,243,,1265,828,608,449,386,280,,,,,,,,,
Stockholm-arlanda (SMHI),460,20200708,190,24,10.6,7.6,13.5,,,,75.9,59,93,,,2.2,231,,1275,835,614,453,389,281,,,,,,,,,
Stockholm-arlanda (SMHI),460,20200709,191,24,13.3,8.3,17.9,,,,64.6,39,93,,,2.3,246,,1288,846,622,459,394,285,,,,,,,,,
Stockholm-arlanda (SMHI),460,20200710,192,24,12,5.9,17.6,,,,82.9,57,96,,,1.5,64,,1301,855,629,464,399,287,,,,,,,,,
Stockholm-arlanda (SMHI),460,20200711,193,24,13.3,9.3,18.2,,,,80.8,54,100,,,2.1,287,,1314,865,637,471,404,291,,,,,,,,,
Stockholm-arlanda (SMHI),460,20200712,194,24,12.7,8.3,18.1,,,,83.6,49,100,,,1.9,291,,1327,875,645,476,409,294,,,,,,,,,
Stockholm-arlanda (SMHI),460,20200713,195,24,13.1,7.3,17.8,,,,76.9,46,100,,,2,344,,1340,885,653,483,414,297,,,,,,,,,
Stockholm-arlanda (SMHI),460,20200714,196,24,15.4,11,18.9,,,,76.6,54,97,,,1.9,232,,1355,897,664,491,421,303,,,,,,,,,
Stockholm-arlanda (SMHI),460,20200715,197,24,15.5,12.1,18.9,,,,78.9,57,95,,,2.8,131,,1371,910,674,499,429,308,,,,,,,,,
Stockholm-arlanda (SMHI),460,20200716,198,24,17.8,11.7,24.5,,,,70,46,100,,,1.5,119,,1388,924,687,510,439,316,,,,,,,,,
Stockholm-arlanda (SMHI),460,20200717,199,24,19.1,11.1,24.5,,,,61.9,39,95,,,2.8,211,,1407,940,701,522,450,325,,,,,,,,,
Stockholm-arlanda (SMHI),460,20200718,200,24,18.8,14,23.1,,,,68.4,52,84,,,2.8,238,,1426,956,715,534,460,334,,,,,,,,,
Stockholm-arlanda (SMHI),460,20200719,201,24,20.1,14.7,24.5,,,,62.5,46,95,,,3.3,191,,1446,973,730,547,473,344,,,,,,,,,
Stockholm-arlanda (SMHI),460,20200720,202,24,18.5,13.4,22,,,,75.3,54,91,,,3.6,187,,1465,989,743,559,483,352,,,,,,,,,
Stockholm-arlanda (SMHI),460,20200721,203,24,13.2,11,16.5,,,,78.4,57,95,,,1.9,318,,1478,999,752,565,488,356,,,,,,,,,
Stockholm-arlanda (SMHI),460,20200722,204,24,14,9.3,18.2,,,,55.6,37,78,,,3.5,295,,1492,1010,761,572,494,360,,,,,,,,,
Stockholm-arlanda (SMHI),460,20200723,205,24,12.8,8.1,17.7,,,,57.1,38,78,,,3.5,272,,1505,1020,769,578,499,363,,,,,,,,,
Stockholm-arlanda (SMHI),460,20200724,206,24,13.7,8.6,18.5,,,,55.7,36,85,,,3,280,,1518,1031,777,584,505,367,,,,,,,,,
Stockholm-arlanda (SMHI),460,20200725,207,24,14.4,7.5,21,,,,63.9,42,89,,,2.4,275,,1533,1042,787,592,511,371,,,,,,,,,
Stockholm-arlanda (SMHI),460,20200726,208,24,16.9,8.9,21.5,,,,65.7,43,93,,,4,136,,1550,1056,798,602,520,378,,,,,,,,,
Stockholm-arlanda (SMHI),460,20200727,209,24,17.4,14.1,20.6,,,,75.9,51,97,,,2.8,219,,1567,1070,811,612,529,386,,,,,,,,,
Stockholm-arlanda (SMHI),460,20200728,210,24,15.7,12,18.7,,,,84.6,61,100,,,3.8,137,,1583,1083,822,621,537,391,,,,,,,,,
Stockholm-arlanda (SMHI),460,20200729,211,24,14.7,11.5,17.4,,,,77.4,61,97,,,3.5,215,,1598,1095,831,628,544,396,,,,,,,,,
Stockholm-arlanda (SMHI),460,20200730,212,24,15.1,12.7,19.5,,,,84.3,60,97,,,3.5,265,,1613,1107,841,637,551,401,,,,,,,,,
Stockholm-arlanda (SMHI),460,20200731,213,24,15.4,10.2,19.1,,,,82.3,62,97,,,3.7,348,,1628,1119,852,645,558,407,,,,,,,,,
Stockholm-arlanda (SMHI),460,20200801,214,24,17.8,8.9,24.6,,,,64.4,40,98,,,1.9,198,,1646,1134,864,656,568,414,,,,,,,,,
Stockholm-arlanda (SMHI),460,20200802,215,24,18.2,13.8,22.6,,,,71.2,38,90,,,3.7,190,,1664,1149,878,667,578,423,,,,,,,,,
Stockholm-arlanda (SMHI),460,20200803,216,24,15.9,12.2,19.6,,,,68.9,50,90,,,3.9,232,,1680,1162,889,676,586,429,,,,,,,,,
Stockholm-arlanda (SMHI),460,20200804,217,24,14.4,8.9,20.1,,,,70.4,41,95,,,1.4,306,,1694,1173,898,683,593,433,,,,,,,,,
Stockholm-arlanda (SMHI),460,20200805,218,24,15,9.9,18.1,,,,65,47,84,,,3.8,216,,1709,1185,908,691,600,438,,,,,,,,,
Stockholm-arlanda (SMHI),460,20200806,219,24,17.6,14.1,21.5,,,,83.8,67,99,,,2.8,240,,1727,1200,921,702,609,446,,,,,,,,,
Stockholm-arlanda (SMHI),460,20200807,220,24,20.9,12.8,28.1,,,,62.6,36,99,,,2.6,174,,1748,1218,937,716,622,457,,,,,,,,,
Stockholm-arlanda (SMHI),460,20200808,221,24,21.4,15.8,27.4,,,,58.3,36,81,,,3.3,191,,1769,1236,953,730,635,468,,,,,,,,,
Stockholm-arlanda (SMHI),460,20200809,222,24,17,10.8,21.5,,,,71.3,56,94,,,2.8,6,,1786,1250,965,740,644,475,,,,,,,,,
Stockholm-arlanda (SMHI),460,20200810,223,24,14.9,6.7,21.5,,,,67.2,36,97,,,2.4,15,,1801,1262,975,748,651,480,,,,,,,,,
Stockholm-arlanda (SMHI),460,20200811,224,24,14.6,5.3,20.6,,,,67,42,99,,,2.7,23,,1816,1274,984,756,658,486,,,,,,,,,
Stockholm-arlanda (SMHI),460,20200812,225,24,17.7,7.7,24.5,,,,65.6,39,93,,,2.4,239,,1833,1289,997,767,668,494,,,,,,,,,
Stockholm-arlanda (SMHI),460,20200813,226,20,18.8,11.3,22.9,,,,67.5,48,92,,,2.5,60,,1849,1302,1009,776,677,501,,,,,,,,,
Stockholm-arlanda (SMHI),460,20200814,227,24,19.9,14.9,25.7,,,,72.6,42,99,,,2.6,201,,1869,1319,1023,789,689,511,,,,,,,,,
Stockholm-arlanda (SMHI),460,20200815,228,24,21.1,13.9,26.8,,,,61.1,33,97,,,1.6,261,,1890,1337,1040,803,702,522,,,,,,,,,
Stockholm-arlanda (SMHI),460,20200816,229,24,19.9,13.8,25.3,,,,64.8,45,94,,,2,68,,1910,1354,1055,816,714,532,,,,,,,,,
Stockholm-arlanda (SMHI),460,20200817,230,24,19.1,12.5,26.1,,,,76.6,47,99,,,2.1,95,,1929,1370,1069,828,725,541,,,,,,,,,
Stockholm-arlanda (SMHI),460,20200818,231,24,20.2,14.9,26.1,,,,68.5,36,100,,,2.4,189,,1949,1387,1084,842,737,551,,,,,,,,,
Stockholm-arlanda (SMHI),460,20200819,232,24,19.9,13.5,25.6,,,,68.7,42,97,,,3.3,159,,1969,1404,1099,855,749,561,,,,,,,,,
Stockholm-arlanda (SMHI),460,20200820,233,24,18.7,13.6,23.7,,,,68.3,40,95,,,2,159,,1988,1420,1113,866,760,570,,,,,,,,,
Stockholm-arlanda (SMHI),460,20200821,234,24,19.7,15.4,24.6,,,,75.8,45,100,,,4.4,148,,2008,1436,1127,879,772,580,,,,,,,,,
Stockholm-arlanda (SMHI),460,20200822,235,24,19.4,14.9,23.4,,,,79.9,51,96,,,4.3,193,,2027,1453,1142,891,783,589,,,,,,,,,
Stockholm-arlanda (SMHI),460,20200823,236,24,16.4,13.5,20.5,,,,74,50,89,,,4.6,220,,2044,1466,1153,901,792,596,,,,,,,,,
Stockholm-arlanda (SMHI),460,20200824,237,24,15,10.6,18.7,,,,70.4,49,89,,,2.4,268,,2058,1478,1163,909,799,601,,,,,,,,,
Stockholm-arlanda (SMHI),460,20200825,238,24,12.9,6.3,18,,,,59.8,35,91,,,2.3,256,,2071,1488,1171,915,803,604,,,,,,,,,
Stockholm-arlanda (SMHI),460,20200826,239,24,12.8,4.7,18.7,,,,62.9,31,98,,,1.3,22,,2084,1498,1179,921,809,608,,,,,,,,,
Stockholm-arlanda (SMHI),460,20200827,240,24,12.2,4.9,17.4,,,,72.1,47,99,,,2.2,356,,2096,1507,1186,926,813,611,,,,,,,,,
Stockholm-arlanda (SMHI),460,20200828,241,24,12.2,5.5,17,,,,74.6,46,98,,,1.6,15,,2109,1516,1193,931,818,614,,,,,,,,,
Stockholm-arlanda (SMHI),460,20200829,242,24,12.6,9.6,15.3,,,,91.8,73,99,,,3.5,46,,2121,1526,1201,937,822,616,,,,,,,,,
Stockholm-arlanda (SMHI),460,20200830,243,24,12.7,10.7,15.9,,,,91,76,99,,,2.2,329,,2134,1535,1208,943,827,619,,,,,,,,,
Stockholm-arlanda (SMHI),460,20200831,244,24,10,6.7,13.1,,,,88.1,71,97,,,3.2,328,,2144,1542,1213,946,829,620,,,,,,,,,
Stockholm-arlanda (SMHI),460,20200901,245,24,12.7,5.8,18.3,,,,77.5,47,99,,,3,16,,2156,1552,1221,952,834,623,,,,,,,,,
Stockholm-arlanda (SMHI),460,20200902,246,24,12.1,3.9,16.7,,,,83.1,62,99,,,3.1,30,,2169,1561,1228,957,839,626,,,,,,,,,
Stockholm-arlanda (SMHI),460,20200903,247,24,15.4,12.9,18.6,,,,91.7,75,100,,,3,98,,2184,1574,1239,966,846,632,,,,,,,,,
Stockholm-arlanda (SMHI),460,20200904,248,24,14.6,12.4,17.3,,,,82.7,69,99,,,3.5,203,,2199,1585,1248,973,853,636,,,,,,,,,
Stockholm-arlanda (SMHI),460,20200905,249,24,13.4,10.4,16.8,,,,74.5,56,87,,,4.2,216,,2212,1596,1257,980,858,640,,,,,,,,,
Stockholm-arlanda (SMHI),460,20200906,250,24,11.9,9.3,16.3,,,,79.8,55,95,,,3.3,219,,2224,1604,1264,984,862,642,,,,,,,,,
Stockholm-arlanda (SMHI),460,20200907,251,24,11.6,5.7,16.9,,,,77.8,52,100,,,1.7,256,,2236,1613,1270,989,866,644,,,,,,,,,
Stockholm-arlanda (SMHI),460,20200908,252,24,13.2,10.2,18.1,,,,77.3,55,99,,,4.1,236,,2249,1623,1278,995,871,648,,,,,,,,,
Stockholm-arlanda (SMHI),460,20200909,253,24,12.1,9.9,15.8,,,,92.4,84,97,,,3.9,231,,2261,1632,1286,1000,876,650,,,,,,,,,
Stockholm-arlanda (SMHI),460,20200910,254,24,9.5,4.1,14.2,,,,70.4,42,95,,,2.9,293,,2270,1639,1290,1003,878,651,,,,,,,,,
Stockholm-arlanda (SMHI),460,20200911,255,24,11.1,4.4,15.2,,,,72.4,49,94,,,3.3,217,,2281,1647,1296,1008,881,653,,,,,,,,,
Stockholm-arlanda (SMHI),460,20200912,256,24,12.3,9,13.7,,,,85.5,74,95,,,5.1,214,,2293,1656,1303,1013,885,655,,,,,,,,,
Stockholm-arlanda (SMHI),460,20200913,257,24,12.4,9.1,15.7,,,,71.7,54,95,,,5,248,,2306,1665,1310,1018,890,658,,,,,,,,,
Stockholm-arlanda (SMHI),460,20200914,258,24,14,9.4,16.9,,,,91.2,82,100,,,2.7,240,,2320,1676,1319,1025,896,662,,,,,,,,,
Stockholm-arlanda (SMHI),460,20200915,259,24,13.6,11.5,15.6,,,,95.9,88,100,,,1.5,13,,2333,1687,1328,1032,901,666,,,,,,,,,
Stockholm-arlanda (SMHI),460,20200916,260,24,11.7,8.2,15.3,,,,81.5,57,100,,,4.3,275,,2344,1695,1335,1036,905,667,,,,,,,,,
Stockholm-arlanda (SMHI),460,20200917,261,24,8.5,2.8,12.9,,,,63.2,44,94,,,4,321,,2353,1701,1338,1038,906,668,,,,,,,,,
Stockholm-arlanda (SMHI),460,20200918,262,24,10.5,1.3,17.5,,,,76.9,56,96,,,2.5,275,,2363,1708,1344,1043,910,671,,,,,,,,,
Stockholm-arlanda (SMHI),460,20200919,263,24,8.3,1.8,14.9,,,,75.8,43,99,,,1.3,338,,2372,1714,1348,1046,913,672,,,,,,,,,
Stockholm-arlanda (SMHI),460,20200920,264,24,8.6,1.9,12.1,,,,90.8,82,99,,,2.4,243,,2380,1720,1352,1049,915,673,,,,,,,,,
Stockholm-arlanda (SMHI),460,20200921,265,24,12.8,9.2,16.2,,,,83.9,69,99,,,4.3,228,,2393,1729,1360,1054,919,676,,,,,,,,,
Stockholm-arlanda (SMHI),460,20200922,266,24,12.2,8.1,15.9,,,,78,59,96,,,3.7,224,,2405,1739,1367,1060,924,678,,,,,,,,,
Stockholm-arlanda (SMHI),460,20200923,267,24,12.6,6.9,18.9,,,,82.5,56,99,,,2.9,177,,2418,1748,1375,1065,928,681,,,,,,,,,
Stockholm-arlanda (SMHI),460,20200924,268,24,14.1,9.8,20.1,,,,84,52,99,,,3.2,161,,2432,1759,1384,1072,935,685,,,,,,,,,
Stockholm-arlanda (SMHI),460,20200925,269,24,11.9,6.5,16.3,,,,79.8,53,100,,,2.9,85,,2444,1768,1391,1077,938,688,,,,,,,,,
Stockholm-arlanda (SMHI),460,20200926,270,24,13.8,11.6,16.1,,,,96.1,90,99,,,3.7,51,,2458,1779,1400,1084,944,691,,,,,,,,,
Stockholm-arlanda (SMHI),460,20200927,271,24,12.4,10.5,16.8,,,,97,87,100,,,4.5,13,,2470,1788,1407,1089,949,694,,,,,,,,,
Stockholm-arlanda (SMHI),460,20200928,272,24,12.2,9.6,15.9,,,,93.8,82,100,,,3,41,,2482,1797,1414,1094,953,696,,,,,,,,,
Stockholm-arlanda (SMHI),460,20200929,273,24,12.4,11.3,13.2,,,,98.7,97,100,,,1.3,27,,2494,1807,1422,1100,957,698,,,,,,,,,
Stockholm-arlanda (SMHI),460,20200930,274,24,12.1,10,14.8,,,,91.7,73,100,,,1.8,131,,2506,1816,1429,1105,961,700,,,,,,,,,
Stockholm-arlanda (SMHI),460,20201001,275,24,10.9,9.3,12.5,,,,92.5,82,100,,,3.4,47,,2517,1824,1435,1109,964,701,,,,,,,,,
Stockholm-arlanda (SMHI),460,20201002,276,24,12.2,9.8,16.5,,,,89.2,66,99,,,4,63,,2529,1833,1442,1114,968,704,,,,,,,,,
Stockholm-arlanda (SMHI),460,20201003,277,24,12.2,10,13.6,,,,87.4,80,97,,,4.4,70,,2542,1842,1449,1119,973,706,,,,,,,,,
Stockholm-arlanda (SMHI),460,20201004,278,24,12.8,12.3,13.6,,,,94,85,97,,,6,83,,2554,1852,1457,1125,977,709,,,,,,,,,
Stockholm-arlanda (SMHI),460,20201005,279,24,13.2,10.7,17.1,,,,86.9,55,99,,,3.9,158,,2568,1862,1465,1131,983,712,,,,,,,,,
Stockholm-arlanda (SMHI),460,20201006,280,24,12.2,11,13.3,,,,97.5,93,100,,,4.3,105,,2580,1871,1472,1136,987,714,,,,,,,,,
Stockholm-arlanda (SMHI),460,20201007,281,24,12.2,11,14.3,,,,91.7,78,97,,,3.8,158,,2592,1880,1479,1142,991,716,,,,,,,,,
Stockholm-arlanda (SMHI),460,20201008,282,24,11.4,10,13.6,,,,88.9,72,97,,,4,181,,2603,1889,1486,1146,994,718,,,,,,,,,
Stockholm-arlanda (SMHI),460,20201009,283,24,10,7.8,11.7,,,,81.5,64,97,,,3.9,213,,2613,1896,1491,1149,996,718,,,,,,,,,
Stockholm-arlanda (SMHI),460,20201010,284,24,8.6,6.1,11,,,,92.8,83,99,,,2.5,134,,2622,1901,1494,1151,997,718,,,,,,,,,
Stockholm-arlanda (SMHI),460,20201011,285,24,7.8,4.3,11.4,,,,84.3,62,100,,,3.8,191,,2630,1906,1497,1152,998,718,,,,,,,,,
Stockholm-arlanda (SMHI),460,20201012,286,24,6.7,4.8,8,,,,84.6,73,96,,,2.5,251,,2637,1910,1499,1152,998,718,,,,,,,,,
Stockholm-arlanda (SMHI),460,20201013,287,24,5.6,1.3,8.8,,,,86,70,98,,,2.9,332,,2642,1913,1500,1153,998,718,,,,,,,,,
Stockholm-arlanda (SMHI),460,20201014,288,24,5.9,3.5,8.5,,,,78.1,59,96,,,4.8,6,,2648,1916,1501,1153,998,718,,,,,,,,,
Stockholm-arlanda (SMHI),460,20201015,289,24,5.9,3.5,9.3,,,,81.5,65,92,,,2.8,331,,2654,1918,1503,1153,998,718,,,,,,,,,
Stockholm-arlanda (SMHI),460,20201016,290,24,4.7,-0.9,7.6,,,,93.8,83,100,,,1.8,347,,2659,1921,1504,1153,998,718,,,,,,,,,
Stockholm-arlanda (SMHI),460,20201017,291,24,6.4,2.3,9.7,,,,81.5,56,100,,,3,250,,2665,1924,1506,1154,999,718,,,,,,,,,
Stockholm-arlanda (SMHI),460,20201018,292,24,2.7,0,4.7,,,,62.8,46,74,,,3.4,289,,2668,1925,1506,1154,999,718,,,,,,,,,
Stockholm-arlanda (SMHI),460,20201019,293,24,1.3,-3.5,4.8,,,,63.7,47,91,,,2.9,297,,2669,1925,1506,1154,999,718,,,,,,,,,
Stockholm-arlanda (SMHI),460,20201020,294,24,1.6,-4.5,6.5,,,,89.4,68,98,,,2.3,124,,2672,1926,1506,1154,999,718,,,,,,,,,
Stockholm-arlanda (SMHI),460,20201021,295,24,8.2,6.1,9.3,,,,96.6,90,100,,,2.8,175,,2680,1931,1509,1155,999,718,,,,,,,,,
Stockholm-arlanda (SMHI),460,20201022,296,24,10.1,9.3,11,,,,97.5,93,100,,,3.1,205,,2690,1938,1514,1158,1001,719,,,,,,,,,
Stockholm-arlanda (SMHI),460,20201023,297,24,2.8,-3,9.8,,,,92,75,99,,,2.2,334,,2693,1939,1514,1159,1002,719,,,,,,,,,
Stockholm-arlanda (SMHI),460,20201024,298,24,1.7,-2.3,4.1,,,,99.1,98,100,,,2,27,,2695,1939,1514,1159,1002,719,,,,,,,,,
Stockholm-arlanda (SMHI),460,20201025,299,24,8.2,2.5,11.4,,,,95.3,89,100,,,4.9,158,,2703,1944,1518,1161,1003,719,,,,,,,,,
Stockholm-arlanda (SMHI),460,20201026,300,24,10.1,9.3,10.8,,,,96.5,92,100,,,3.1,179,,2713,1952,1523,1164,1005,719,,,,,,,,,
Stockholm-arlanda (SMHI),460,20201027,301,24,8.8,8,10,,,,93.2,85,99,,,3.8,192,,2722,1957,1527,1166,1006,719,,,,,,,,,
Stockholm-arlanda (SMHI),460,20201028,302,24,7.4,4.6,10.1,,,,92.2,83,98,,,4.6,188,,2729,1962,1529,1167,1007,719,,,,,,,,,
Stockholm-arlanda (SMHI),460,20201029,303,24,5.4,1.2,8.8,,,,94.9,82,100,,,2.1,207,,2735,1964,1531,1167,1007,719,,,,,,,,,
Stockholm-arlanda (SMHI),460,20201030,304,24,0.9,-1.5,3.5,,,,99.7,99,100,,,0.8,316,,2736,1964,1531,1167,1007,719,,,,,,,,,
Stockholm-arlanda (SMHI),460,20201031,305,24,5.5,-0.4,8.8,,,,98.5,93,100,,,2.6,155,,2741,1968,1532,1168,1007,719,,,,,,,,,
Stockholm-arlanda (SMHI),460,20201101,306,24,8.9,8.4,9.8,,,,90.4,82,97,,,7,160,,2750,1973,1536,1170,1008,719,,,,,,,,,
Stockholm-arlanda (SMHI),460,20201102,307,24,12.1,9.7,14.6,,,,93.1,87,97,,,9.2,185,,2761,1982,1543,1175,1012,721,,,,,,,,,
Stockholm-arlanda (SMHI),460,20201103,308,24,8.9,6.1,10.6,,,,81.1,70,91,,,4.9,232,,2770,1988,1547,1177,1013,721,,,,,,,,,
Stockholm-arlanda (SMHI),460,20201104,309,24,5.6,3.9,7.6,,,,90.8,79,99,,,3.6,219,,2776,1990,1547,1177,1013,721,,,,,,,,,
Stockholm-arlanda (SMHI),460,20201105,310,24,7.2,3.8,10.7,,,,82.5,69,93,,,4.3,241,,2783,1994,1550,1177,1013,721,,,,,,,,,
Stockholm-arlanda (SMHI),460,20201106,311,24,8.6,5.1,12.9,,,,84.8,70,100,,,2,253,,2791,2000,1553,1179,1014,722,,,,,,,,,
Stockholm-arlanda (SMHI),460,20201107,312,24,8.1,4.8,9.8,,,,91.5,80,100,,,4,244,,2799,2005,1556,1180,1015,722,,,,,,,,,
Stockholm-arlanda (SMHI),460,20201108,313,24,5.8,3.2,8.4,,,,88.5,65,99,,,1.5,333,,2805,2008,1557,1181,1015,722,,,,,,,,,
Stockholm-arlanda (SMHI),460,20201109,314,24,4.9,0.9,6.7,,,,93.9,83,100,,,1.9,269,,2810,2010,1558,1181,1015,722,,,,,,,,,
Stockholm-arlanda (SMHI),460,20201110,315,24,4,2.5,5.4,,,,92.2,84,100,,,2.6,239,,2814,2011,1558,1181,1015,722,,,,,,,,,
Stockholm-arlanda (SMHI),460,20201111,316,24,6,5,7,,,,85.5,76,95,,,2.3,201,,2820,2014,1559,1181,1015,722,,,,,,,,,
Stockholm-arlanda (SMHI),460,20201112,317,24,5.4,4.8,6.4,,,,89.1,82,98,,,1.5,122,,2825,2016,1560,1181,1015,722,,,,,,,,,
Stockholm-arlanda (SMHI),460,20201113,318,24,6.1,5.4,6.7,,,,97.3,94,99,,,2.6,119,,2831,2019,1561,1181,1015,722,,,,,,,,,
Stockholm-arlanda (SMHI),460,20201114,319,24,6.5,3.2,8.1,,,,97,91,100,,,2.8,173,,2838,2023,1562,1181,1015,722,,,,,,,,,
Stockholm-arlanda (SMHI),460,20201115,320,24,7.6,4.7,9.4,,,,96.2,88,100,,,4.3,157,,2845,2027,1565,1182,1016,722,,,,,,,,,
Stockholm-arlanda (SMHI),460,20201116,321,24,9.2,8,9.8,,,,90,87,95,,,6,168,,2854,2033,1569,1184,1017,722,,,,,,,,,
Stockholm-arlanda (SMHI),460,20201117,322,24,8.1,7.5,9.8,,,,91.9,85,98,,,4.9,195,,2862,2038,1572,1185,1017,722,,,,,,,,,
Stockholm-arlanda (SMHI),460,20201118,323,24,11.1,9.9,12.7,,,,87.3,78,97,,,6.2,230,,2873,2046,1578,1189,1020,723,,,,,,,,,
Stockholm-arlanda (SMHI),460,20201119,324,24,4.9,-1.4,10.8,,,,78.1,63,94,,,7,250,,2878,2050,1580,1190,1021,723,,,,,,,,,
Stockholm-arlanda (SMHI),460,20201120,325,24,-0.2,-3.5,2.9,,,,74,63,91,,,3.4,265,,2878,2050,1580,1190,1021,723,,,,,,,,,
Stockholm-arlanda (SMHI),460,20201121,326,24,2.6,-3.9,6.7,,,,90.3,78,96,,,5.5,201,,2882,2051,1581,1190,1021,723,,,,,,,,,
Stockholm-arlanda (SMHI),460,20201122,327,24,5.6,4.6,6.8,,,,75.5,70,83,,,6,244,,2887,2053,1581,1190,1021,723,,,,,,,,,
Stockholm-arlanda (SMHI),460,20201123,328,24,2.9,-0.5,4.9,,,,66.3,56,75,,,4.3,263,,2890,2054,1581,1190,1021,723,,,,,,,,,
Stockholm-arlanda (SMHI),460,20201124,329,24,2.9,-2.1,6.4,,,,93.1,77,100,,,1.4,247,,2893,2055,1581,1190,1021,723,,,,,,,,,
Stockholm-arlanda (SMHI),460,20201125,330,24,7.4,4.2,8.8,,,,89,78,100,,,4.3,217,,2900,2059,1584,1191,1021,723,,,,,,,,,
Stockholm-arlanda (SMHI),460,20201126,331,24,4.5,-0.7,7.7,,,,95.7,86,99,,,2.5,295,,2905,2062,1585,1191,1021,723,,,,,,,,,
Stockholm-arlanda (SMHI),460,20201127,332,24,-0.6,-2,0.8,,,,95,92,97,,,1.9,326,,2905,2062,1585,1191,1021,723,,,,,,,,,
Stockholm-arlanda (SMHI),460,20201128,333,24,-0.2,-0.7,0.6,,,,95.8,90,99,,,1.4,1,,2905,2062,1585,1191,1021,723,,,,,,,,,
Stockholm-arlanda (SMHI),460,20201129,334,24,-1.6,-2.3,-0.6,,,,97.7,96,99,,,1.5,337,,2905,2062,1585,1191,1021,723,,,,,,,,,
Stockholm-arlanda (SMHI),460,20201130,335,24,-0.9,-2.7,1.9,,,,98.1,94,100,,,2.7,217,,2905,2062,1585,1191,1021,723,,,,,,,,,
Stockholm-arlanda (SMHI),460,20201201,336,24,1.3,0.2,1.8,,,,96.5,94,100,,,1.9,247,,2907,2062,1585,1191,1021,723,,,,,,,,,
Stockholm-arlanda (SMHI),460,20201202,337,24,1.5,0,2.6,,,,95.8,82,100,,,2.5,167,,2908,2062,1585,1191,1021,723,,,,,,,,,
Stockholm-arlanda (SMHI),460,20201203,338,24,2.5,1.8,3.3,,,,78.3,71,90,,,4.9,148,,2910,2062,1585,1191,1021,723,,,,,,,,,
Stockholm-arlanda (SMHI),460,20201204,339,24,3,1.7,4.7,,,,94.6,88,99,,,3.9,119,,2914,2062,1585,1191,1021,723,,,,,,,,,
Stockholm-arlanda (SMHI),460,20201205,340,24,5.6,4.7,7,,,,96,91,98,,,2.7,128,,2919,2064,1585,1191,1021,723,,,,,,,,,
Stockholm-arlanda (SMHI),460,20201206,341,24,6.5,4.8,7.3,,,,93.1,89,97,,,5,152,,2925,2068,1587,1191,1021,723,,,,,,,,,
Stockholm-arlanda (SMHI),460,20201207,342,24,4.1,3.4,4.9,,,,85.8,74,96,,,5.2,138,,2929,2069,1587,1191,1021,723,,,,,,,,,
Stockholm-arlanda (SMHI),460,20201208,343,24,2.3,1.1,3.7,,,,78.5,73,84,,,4.3,133,,2931,2069,1587,1191,1021,723,,,,,,,,,
Stockholm-arlanda (SMHI),460,20201209,344,24,1.5,1,1.9,,,,94.1,84,99,,,2.8,116,,2932,2069,1587,1191,1021,723,,,,,,,,,
Stockholm-arlanda (SMHI),460,20201210,345,24,1.3,0.1,2.2,,,,88.2,79,98,,,3.1,103,,2934,2069,1587,1191,1021,723,,,,,,,,,
Stockholm-arlanda (SMHI),460,20201211,346,24,1.5,0,2.6,,,,92.2,80,98,,,3.5,68,,2935,2069,1587,1191,1021,723,,,,,,,,,
Stockholm-arlanda (SMHI),460,20201212,347,24,3.8,2.8,4.6,,,,98.3,96,99,,,2.3,83,,2939,2070,1587,1191,1021,723,,,,,,,,,
Stockholm-arlanda (SMHI),460,20201213,348,24,2,0,3.1,,,,95.9,90,99,,,2.2,103,,2941,2070,1587,1191,1021,723,,,,,,,,,
Stockholm-arlanda (SMHI),460,20201214,349,24,0.5,-0.7,2.4,,,,93.1,80,97,,,1.9,84,,2941,2070,1587,1191,1021,723,,,,,,,,,
Stockholm-arlanda (SMHI),460,20201215,350,24,5.2,3,6.3,,,,95.2,90,99,,,4.5,174,,2946,2072,1587,1191,1021,723,,,,,,,,,
Stockholm-arlanda (SMHI),460,20201216,351,24,4.2,0.9,6.1,,,,94.6,88,100,,,3.3,253,,2950,2073,1588,1191,1021,723,,,,,,,,,
Stockholm-arlanda (SMHI),460,20201217,352,24,3.7,1.6,5.8,,,,97.7,94,100,,,3,152,,2954,2074,1588,1191,1021,723,,,,,,,,,
Stockholm-arlanda (SMHI),460,20201218,353,24,4.5,2.2,5.7,,,,95.5,90,99,,,3.1,229,,2958,2076,1588,1191,1021,723,,,,,,,,,
Stockholm-arlanda (SMHI),460,20201219,354,24,5.2,3.5,6.6,,,,97,94,99,,,3.8,203,,2963,2078,1588,1191,1021,723,,,,,,,,,
Stockholm-arlanda (SMHI),460,20201220,355,24,5.2,4,6.1,,,,94.8,92,99,,,4.1,191,,2968,2080,1589,1191,1021,723,,,,,,,,,
Stockholm-arlanda (SMHI),460,20201221,356,24,5.4,4.5,5.8,,,,95.4,91,100,,,3.8,201,,2974,2082,1589,1191,1021,723,,,,,,,,,
Stockholm-arlanda (SMHI),460,20201222,357,24,4,2.6,5,,,,93,84,98,,,4.7,162,,2978,2083,1589,1191,1021,723,,,,,,,,,
Stockholm-arlanda (SMHI),460,20201223,358,24,2.5,-1.3,4.6,,,,90.8,82,96,,,2.8,248,,2980,2084,1589,1191,1021,723,,,,,,,,,
Stockholm-arlanda (SMHI),460,20201224,359,24,-1.7,-4.2,-0.2,,,,93.8,88,99,,,1.8,310,,2980,2084,1589,1191,1021,723,,,,,,,,,
Stockholm-arlanda (SMHI),460,20201225,360,24,-1.2,-1.7,-0.8,,,,92.8,87,97,,,4.2,334,,2980,2084,1589,1191,1021,723,,,,,,,,,
Stockholm-arlanda (SMHI),460,20201226,361,24,-2.6,-4.3,0.8,,,,95.8,92,98,,,2.8,212,,2980,2084,1589,1191,1021,723,,,,,,,,,
Stockholm-arlanda (SMHI),460,20201227,362,24,3.4,1.7,4.4,,,,85.5,74,96,,,8.7,166,,2983,2084,1589,1191,1021,723,,,,,,,,,
Stockholm-arlanda (SMHI),460,20201228,363,24,2.9,0.6,3.8,,,,85.8,70,98,,,6.8,133,,2986,2085,1589,1191,1021,723,,,,,,,,,
Stockholm-arlanda (SMHI),460,20201229,364,24,3.5,2.6,4.6,,,,94.8,92,96,,,4,98,,2990,2085,1589,1191,1021,723,,,,,,,,,
Stockholm-arlanda (SMHI),460,20201230,365,24,1,-0.3,2.4,,,,97.4,96,99,,,2.3,78,,2991,2085,1589,1191,1021,723,,,,,,,,,
Stockholm-arlanda (SMHI),460,20201231,366,24,2,0.6,3,,,,95.4,92,98,,,2.5,126,,2993,2085,1589,1191,1021,723,,,,,,,,,
Stockholm-arlanda (SMHI),460,20210101,1,24,0.9,0.5,1.2,,,,97,96,98,,,2,83,,0,0,0,0,0,0,,,,,,,,,
Stockholm-arlanda (SMHI),460,20210102,2,24,0.3,-0.7,1.2,,,,96.8,94,98,,,2.1,31,,0,0,0,0,0,0,,,,,,,,,
Stockholm-arlanda (SMHI),460,20210103,3,24,-1.2,-2.2,-0.4,,,,89.1,81,96,,,2.7,335,,0,0,0,0,0,0,,,,,,,,,
Stockholm-arlanda (SMHI),460,20210104,4,24,-0.5,-1.6,-0.1,,,,93,85,97,,,3.3,8,,0,0,0,0,0,0,,,,,,,,,
Stockholm-arlanda (SMHI),460,20210105,5,24,-1.7,-2.9,-0.2,,,,90.9,83,96,,,3.2,25,,0,0,0,0,0,0,,,,,,,,,
Stockholm-arlanda (SMHI),460,20210106,6,24,-2.4,-3.8,-1.6,,,,84.1,78,88,,,4.1,24,,0,0,0,0,0,0,,,,,,,,,
Stockholm-arlanda (SMHI),460,20210107,7,24,-1,-1.5,-0.5,,,,92.9,82,98,,,4.2,25,,0,0,0,0,0,0,,,,,,,,,
Stockholm-arlanda (SMHI),460,20210108,8,24,-0.5,-1.2,0,,,,96.1,92,98,,,3.6,27,,0,0,0,0,0,0,,,,,,,,,
Stockholm-arlanda (SMHI),460,20210109,9,24,-3,-7,-1,,,,95.3,92,98,,,1.4,10,,0,0,0,0,0,0,,,,,,,,,
Stockholm-arlanda (SMHI),460,20210110,10,24,-1.7,-3,-0.4,,,,94.1,88,99,,,3.6,217,,0,0,0,0,0,0,,,,,,,,,
Stockholm-arlanda (SMHI),460,20210111,11,24,-1.5,-4.2,1.5,,,,96.9,94,100,,,4.8,170,,0,0,0,0,0,0,,,,,,,,,
Stockholm-arlanda (SMHI),460,20210112,12,24,-2.9,-6.8,1.6,,,,91.4,79,99,,,3.6,177,,1,0,0,0,0,0,,,,,,,,,
Stockholm-arlanda (SMHI),460,20210113,13,24,-2.7,-6.4,-0.6,,,,94.5,87,96,,,4.7,31,,1,0,0,0,0,0,,,,,,,,,
Stockholm-arlanda (SMHI),460,20210114,14,24,-5.3,-9.7,-2.5,,,,89.9,87,94,,,4.8,358,,1,0,0,0,0,0,,,,,,,,,
Stockholm-arlanda (SMHI),460,20210115,15,24,-9.5,-11.8,-6.7,,,,86.9,85,89,,,2.4,316,,1,0,0,0,0,0,,,,,,,,,
Stockholm-arlanda (SMHI),460,20210116,16,24,-3.8,-7.8,-2.2,,,,93.9,88,97,,,2,332,,1,0,0,0,0,0,,,,,,,,,
Stockholm-arlanda (SMHI),460,20210117,17,24,-3.2,-3.8,-2.6,,,,92.3,87,96,,,1.3,250,,1,0,0,0,0,0,,,,,,,,,
Stockholm-arlanda (SMHI),460,20210118,18,24,-1.9,-2.8,-1.3,,,,86.4,84,92,,,3.4,210,,1,0,0,0,0,0,,,,,,,,,
Stockholm-arlanda (SMHI),460,20210119,19,24,-1.7,-3.1,-0.2,,,,91.5,87,96,,,2.5,135,,1,0,0,0,0,0,,,,,,,,,
Stockholm-arlanda (SMHI),460,20210120,20,24,0,-0.4,0.3,,,,96.4,94,98,,,4.3,108,,1,0,0,0,0,0,,,,,,,,,
Stockholm-arlanda (SMHI),460,20210121,21,24,2.3,0.4,3.4,,,,94.7,84,100,,,4.5,157,,3,0,0,0,0,0,,,,,,,,,
Stockholm-arlanda (SMHI),460,20210122,22,24,2.6,1.6,4.6,,,,88.3,79,96,,,6.3,165,,6,0,0,0,0,0,,,,,,,,,
Stockholm-arlanda (SMHI),460,20210123,23,24,2.6,-1.1,4.2,,,,79.9,68,96,,,5.5,204,,8,0,0,0,0,0,,,,,,,,,
Stockholm-arlanda (SMHI),460,20210124,24,24,-2.1,-3.9,-0.1,,,,97.4,94,99,,,0.8,343,,8,0,0,0,0,0,,,,,,,,,
Stockholm-arlanda (SMHI),460,20210125,25,24,-1.5,-3.1,-0.1,,,,93.6,90,99,,,3.8,330,,8,0,0,0,0,0,,,,,,,,,
Stockholm-arlanda (SMHI),460,20210126,26,24,-3.7,-4.1,-3,,,,90.6,89,92,,,2.9,320,,8,0,0,0,0,0,,,,,,,,,
Stockholm-arlanda (SMHI),460,20210127,27,24,-6.5,-11.1,-3.8,,,,91.4,89,95,,,1.8,314,,8,0,0,0,0,0,,,,,,,,,
Stockholm-arlanda (SMHI),460,20210128,28,24,-4.9,-9.4,-2.3,,,,93.8,92,96,,,2.6,15,,8,0,0,0,0,0,,,,,,,,,
Stockholm-arlanda (SMHI),460,20210129,29,24,-5,-6.3,-3.9,,,,92.3,89,96,,,3,336,,8,0,0,0,0,0,,,,,,,,,
Stockholm-arlanda (SMHI),460,20210130,30,24,-10.8,-14.4,-6.7,,,,87.7,83,91,,,2,297,,8,0,0,0,0,0,,,,,,,,,
Stockholm-arlanda (SMHI),460,20210131,31,24,-12.2,-16.2,-7.9,,,,87.2,80,93,,,1.2,280,,8,0,0,0,0,0,,,,,,,,,
Stockholm-arlanda (SMHI),460,20210201,32,24,-10,-13.3,-7.4,,,,90.1,86,93,,,0.7,292,,8,0,0,0,0,0,,,,,,,,,
Stockholm-arlanda (SMHI),460,20210202,33,24,-5.3,-12.5,-2.1,,,,91.2,87,96,,,4.3,25,,8,0,0,0,0,0,,,,,,,,,
Stockholm-arlanda (SMHI),460,20210203,34,24,-7.5,-9.3,-4.7,,,,87.3,84,90,,,3.1,330,,8,0,0,0,0,0,,,,,,,,,
Stockholm-arlanda (SMHI),460,20210204,35,24,-9.5,-10.8,-8,,,,86.1,82,90,,,3.3,322,,8,0,0,0,0,0,,,,,,,,,
Stockholm-arlanda (SMHI),460,20210205,36,24,-9.1,-11.7,-6.2,,,,88.9,84,93,,,2.3,325,,8,0,0,0,0,0,,,,,,,,,
Stockholm-arlanda (SMHI),460,20210206,37,24,-8.7,-12.4,-6.4,,,,85.3,71,93,,,2.4,322,,8,0,0,0,0,0,,,,,,,,,
Stockholm-arlanda (SMHI),460,20210207,38,24,-10.1,-16.1,-6.1,,,,89.3,85,92,,,1.9,337,,8,0,0,0,0,0,,,,,,,,,
Stockholm-arlanda (SMHI),460,20210208,39,24,-9.3,-11.6,-5.1,,,,88.2,76,94,,,2.8,17,,8,0,0,0,0,0,,,,,,,,,
Stockholm-arlanda (SMHI),460,20210209,40,24,-11.5,-16.7,-6.8,,,,83.2,67,89,,,3.3,21,,8,0,0,0,0,0,,,,,,,,,
Stockholm-arlanda (SMHI),460,20210210,41,24,-11.9,-19.8,-6.8,,,,86.5,81,93,,,1.8,5,,8,0,0,0,0,0,,,,,,,,,
Stockholm-arlanda (SMHI),460,20210211,42,24,-11.1,-13.8,-8.7,,,,86.1,82,89,,,2.4,336,,8,0,0,0,0,0,,,,,,,,,
Stockholm-arlanda (SMHI),460,20210212,43,24,-7.5,-14.4,-2.7,,,,81.4,75,86,,,2.1,307,,8,0,0,0,0,0,,,,,,,,,
Stockholm-arlanda (SMHI),460,20210213,44,24,-5.9,-10.7,-1.4,,,,66,56,83,,,2.5,284,,8,0,0,0,0,0,,,,,,,,,
Stockholm-arlanda (SMHI),460,20210214,45,24,-3.4,-7.9,-0.5,,,,71.3,58,86,,,2,318,,8,0,0,0,0,0,,,,,,,,,
Stockholm-arlanda (SMHI),460,20210215,46,24,-7.5,-12,-3.5,,,,79.3,54,92,,,1.2,242,,8,0,0,0,0,0,,,,,,,,,
Stockholm-arlanda (SMHI),460,20210216,47,24,-7.2,-12.9,-3,,,,85.9,80,91,,,1.5,354,,8,0,0,0,0,0,,,,,,,,,
Stockholm-arlanda (SMHI),460,20210217,48,24,-4.9,-7,-3.3,,,,74,66,82,,,3.8,89,,8,0,0,0,0,0,,,,,,,,,
Stockholm-arlanda (SMHI),460,20210218,49,24,-4.1,-6.6,-1.4,,,,75.8,68,84,,,3.9,150,,8,0,0,0,0,0,,,,,,,,,
Stockholm-arlanda (SMHI),460,20210219,50,24,0.2,-1.3,0.9,,,,93.6,88,100,,,4.3,170,,9,0,0,0,0,0,,,,,,,,,
Stockholm-arlanda (SMHI),460,20210220,51,24,2.2,0.9,4,,,,94.3,92,99,,,3.9,212,,11,0,0,0,0,0,,,,,,,,,
Stockholm-arlanda (SMHI),460,20210221,52,24,3.7,2,5.6,,,,94.3,87,100,,,2.3,195,,15,1,0,0,0,0,,,,,,,,,
Stockholm-arlanda (SMHI),460,20210222,53,24,1.9,0.5,2.7,,,,99.2,96,100,,,2.8,75,,16,1,0,0,0,0,,,,,,,,,
Stockholm-arlanda (SMHI),460,20210223,54,24,2.4,0.9,4,,,,97.4,94,100,,,3,221,,19,2,0,0,0,0,,,,,,,,,
Stockholm-arlanda (SMHI),460,20210224,55,24,5.3,-0.4,8.6,,,,92.6,85,100,,,5.1,213,,24,5,1,0,0,0,,,,,,,,,
Stockholm-arlanda (SMHI),460,20210225,56,24,8,5,9.9,,,,84.8,78,93,,,6.5,239,,32,10,4,1,0,0,,,,,,,,,
Stockholm-arlanda (SMHI),460,20210226,57,24,5.6,2.4,10,,,,67.9,48,88,,,4.5,291,,38,12,6,2,1,0,,,,,,,,,
Stockholm-arlanda (SMHI),460,20210227,58,24,2.8,-0.9,6.2,,,,70.7,54,84,,,2.5,277,,41,13,6,2,1,0,,,,,,,,,
Stockholm-arlanda (SMHI),460,20210228,59,24,4.5,0.1,10.8,,,,71.4,50,90,,,2,301,,45,15,7,3,1,0,,,,,,,,,
Stockholm-arlanda (SMHI),460,20210301,60,24,3.6,-1.2,7.8,,,,72,54,96,,,2.6,245,,49,17,8,3,1,0,,,,,,,,,
Stockholm-arlanda (SMHI),460,20210302,61,24,3.5,-1.7,8,,,,62.8,37,81,,,2.2,317,,53,19,8,3,1,0,,,,,,,,,
Stockholm-arlanda (SMHI),460,20210303,62,24,1.9,-0.8,5.2,,,,80.1,57,94,,,2.6,260,,54,19,8,3,1,0,,,,,,,,,
Stockholm-arlanda (SMHI),460,20210304,63,24,-1.4,-4.5,2.2,,,,69.1,47,88,,,2.5,319,,55,19,8,3,1,0,,,,,,,,,
Stockholm-arlanda (SMHI),460,20210305,64,24,-2.9,-5.2,0.1,,,,63.8,40,83,,,2.6,313,,55,19,8,3,1,0,,,,,,,,,
Stockholm-arlanda (SMHI),460,20210306,65,24,1.5,-3.7,4.4,,,,58.8,41,89,,,5.2,257,,57,19,8,3,1,0,,,,,,,,,
Stockholm-arlanda (SMHI),460,20210307,66,24,-0.9,-2,0.6,,,,46.2,36,71,,,6.1,330,,57,19,8,3,1,0,,,,,,,,,
Stockholm-arlanda (SMHI),460,20210308,67,24,-1.7,-4,1.8,,,,54.6,29,88,,,2.9,300,,57,19,8,3,1,0,,,,,,,,,
Stockholm-arlanda (SMHI),460,20210309,68,24,-2.2,-4,0.3,,,,78.6,63,87,,,4,303,,57,19,8,3,1,0,,,,,,,,,
Stockholm-arlanda (SMHI),460,20210310,69,24,-5.7,-6.7,-4.4,,,,80.8,70,89,,,3,72,,57,19,8,3,1,0,,,,,,,,,
Stockholm-arlanda (SMHI),460,20210311,70,24,-1.3,-6.5,1.9,,,,83.6,63,95,,,8,144,,57,19,8,3,1,0,,,,,,,,,
Stockholm-arlanda (SMHI),460,20210312,71,24,1.6,0.2,3.4,,,,91.9,79,100,,,3.3,215,,59,19,8,3,1,0,,,,,,,,,
Stockholm-arlanda (SMHI),460,20210313,72,24,2.6,0.9,5.1,,,,81.4,65,88,,,2.6,203,,62,20,8,3,1,0,,,,,,,,,
Stockholm-arlanda (SMHI),460,20210314,73,24,1.6,-0.9,5.1,,,,76.9,50,97,,,1.3,359,,63,20,8,3,1,0,,,,,,,,,
Stockholm-arlanda (SMHI),460,20210315,74,24,1.1,-2.9,6.1,,,,74.8,45,96,,,1.2,30,,65,21,9,3,1,0,,,,,,,,,
Stockholm-arlanda (SMHI),460,20210316,75,24,0.5,-4.3,4.9,,,,78.7,54,97,,,1.3,345,,67,21,9,3,1,0,,,,,,,,,
Stockholm-arlanda (SMHI),460,20210317,76,24,-0.9,-4.7,1.7,,,,76.1,56,93,,,2.5,349,,67,21,9,3,1,0,,,,,,,,,
Stockholm-arlanda (SMHI),460,20210318,77,24,-1.8,-4.5,2.3,,,,73.3,57,87,,,3.6,344,,68,21,9,3,1,0,,,,,,,,,
Stockholm-arlanda (SMHI),460,20210319,78,24,-2.5,-5.5,0.4,,,,60.2,41,82,,,3.8,352,,68,21,9,3,1,0,,,,,,,,,
Stockholm-arlanda (SMHI),460,20210320,79,24,2.4,-2.4,6,,,,67.9,58,92,,,4.1,240,,71,22,9,3,1,0,,,,,,,,,
Stockholm-arlanda (SMHI),460,20210321,80,24,2.9,-0.3,5,,,,45.1,30,77,,,4.7,318,,73,23,9,3,1,0,,,,,,,,,
Stockholm-arlanda (SMHI),460,20210322,81,24,4.5,-0.6,9.7,,,,56.9,45,67,,,2.5,282,,78,25,10,3,1,0,,,,,,,,,
Stockholm-arlanda (SMHI),460,20210323,82,24,6.8,-0.2,13.1,,,,59.3,38,80,,,2.8,233,,85,29,13,5,2,0,,,,,,,,,
Stockholm-arlanda (SMHI),460,20210324,83,24,6.2,3.5,8.7,,,,74,60,85,,,6.3,242,,91,32,14,5,2,0,,,,,,,,,
Stockholm-arlanda (SMHI),460,20210325,84,24,5.8,3.1,9.8,,,,71.4,50,87,,,4.8,240,,97,35,15,6,3,0,,,,,,,,,
Stockholm-arlanda (SMHI),460,20210326,85,24,6.1,2,11.5,,,,76.3,48,94,,,3.9,206,,103,38,17,7,3,0,,,,,,,,,
Stockholm-arlanda (SMHI),460,20210327,86,24,6.5,2.5,12.1,,,,76.1,45,92,,,4.4,139,,109,42,19,8,4,1,,,,,,,,,
Stockholm-arlanda (SMHI),460,20210328,87,24,3.8,2.6,5.1,,,,87.8,77,96,,,4.1,178,,113,43,19,8,4,1,,,,,,,,,
Stockholm-arlanda (SMHI),460,20210329,88,24,7.8,4.4,10.4,,,,86.4,78,96,,,5.8,218,,121,48,22,9,5,1,,,,,,,,,
Stockholm-arlanda (SMHI),460,20210330,89,24,10,7.6,13.2,,,,81.1,67,90,,,5.3,248,,131,55,27,12,7,2,,,,,,,,,
Stockholm-arlanda (SMHI),460,20210331,90,24,5,2.3,8.3,,,,88.1,78,96,,,2.3,313,,136,57,28,13,7,2,,,,,,,,,
Stockholm-arlanda (SMHI),460,20210401,91,24,3.9,-0.6,8.6,,,,61.8,41,86,,,2.4,306,,140,58,29,13,7,2,,,,,,,,,
Stockholm-arlanda (SMHI),460,20210402,92,24,3.7,0.4,7.1,,,,62.3,47,82,,,2.8,317,,144,60,29,13,7,2,,,,,,,,,
Stockholm-arlanda (SMHI),460,20210403,93,24,4,0.7,7.7,,,,55.6,40,76,,,3.3,314,,148,61,29,13,7,2,,,,,,,,,
Stockholm-arlanda (SMHI),460,20210404,94,24,6.3,0.8,11.5,,,,60.2,40,76,,,6.6,232,,154,65,32,14,8,2,,,,,,,,,
Stockholm-arlanda (SMHI),460,20210405,95,24,0.9,-1.7,5.2,,,,76.5,55,95,,,5.4,252,,155,65,32,14,8,2,,,,,,,,,
Stockholm-arlanda (SMHI),460,20210406,96,24,3.3,-1.1,7.7,,,,51.3,33,81,,,5.9,252,,159,66,32,14,8,2,,,,,,,,,
Stockholm-arlanda (SMHI),460,20210407,97,24,1.8,-3.6,6.7,,,,72.4,37,99,,,2.7,349,,161,67,32,14,8,2,,,,,,,,,
Stockholm-arlanda (SMHI),460,20210408,98,24,1.8,-5.4,6.9,,,,57.7,32,93,,,2.8,279,,164,68,33,14,8,2,,,,,,,,,
Stockholm-arlanda (SMHI),460,20210409,99,24,3.6,0.3,6.7,,,,83.6,62,96,,,7,219,,168,70,33,14,8,2,,,,,,,,,
Stockholm-arlanda (SMHI),460,20210410,100,24,4.1,0.8,7.9,,,,57.8,34,94,,,5.4,239,,172,71,34,14,8,2,,,,,,,,,
Stockholm-arlanda (SMHI),460,20210411,101,24,2.9,-2.6,8.5,,,,69,33,98,,,3.4,125,,175,73,34,14,8,2,,,,,,,,,
Stockholm-arlanda (SMHI),460,20210412,102,24,3.2,1.3,5.2,,,,90.5,73,99,,,3,245,,178,73,34,14,8,2,,,,,,,,,
Stockholm-arlanda (SMHI),460,20210413,103,24,2,-2.7,5.8,,,,78.7,56,98,,,3.2,230,,181,74,35,14,8,2,,,,,,,,,
Stockholm-arlanda (SMHI),460,20210414,104,24,1.1,-4.8,6.6,,,,67.4,35,97,,,1.8,345,,183,75,35,14,8,2,,,,,,,,,
Stockholm-arlanda (SMHI),460,20210415,105,24,2.2,-5,8.4,,,,63.4,36,94,,,2.9,16,,187,77,36,15,8,2,,,,,,,,,
Stockholm-arlanda (SMHI),460,20210416,106,24,4.9,-2.1,11.4,,,,57.7,31,85,,,5,23,,192,80,38,16,9,2,,,,,,,,,
Stockholm-arlanda (SMHI),460,20210417,107,24,6.2,-0.8,13.3,,,,57.9,24,94,,,3.8,23,,198,84,41,18,10,3,,,,,,,,,
Stockholm-arlanda (SMHI),460,20210418,108,24,7,-0.5,14.5,,,,53.9,26,94,,,3.6,38,,205,89,45,20,13,4,,,,,,,,,
Stockholm-arlanda (SMHI),460,20210419,109,24,7,-0.8,14.5,,,,56.8,32,86,,,2.7,59,,212,94,48,23,15,5,,,,,,,,,
Stockholm-arlanda (SMHI),460,20210420,110,24,7.2,-2.8,14.9,,,,53.4,29,96,,,2.3,93,,220,100,52,26,17,7,,,,,,,,,
Stockholm-arlanda (SMHI),460,20210421,111,24,7,0.3,13.9,,,,60.2,34,97,,,3,188,,227,104,55,28,18,7,,,,,,,,,
Stockholm-arlanda (SMHI),460,20210422,112,24,1,-0.3,3.3,,,,94.1,78,99,,,4.3,340,,228,104,55,28,18,7,,,,,,,,,
Stockholm-arlanda (SMHI),460,20210423,113,24,3.1,-0.6,6.8,,,,54.2,31,79,,,3.8,325,,231,105,56,28,18,7,,,,,,,,,
Stockholm-arlanda (SMHI),460,20210424,114,24,1.9,-0.5,5.1,,,,61.3,55,75,,,3.3,326,,233,105,56,28,18,7,,,,,,,,,
Stockholm-arlanda (SMHI),460,20210425,115,24,0.7,-1.3,3.4,,,,72.6,51,92,,,4.1,332,,234,105,56,28,18,7,,,,,,,,,
Stockholm-arlanda (SMHI),460,20210426,116,24,1.6,-1.5,4.2,,,,63.3,51,88,,,4.1,339,,236,105,56,28,18,7,,,,,,,,,
Stockholm-arlanda (SMHI),460,20210427,117,24,2.9,-2.8,9.1,,,,58.8,31,92,,,2.4,357,,239,107,56,28,19,7,,,,,,,,,
Stockholm-arlanda (SMHI),460,20210428,118,24,3.1,-3.6,7.9,,,,61.3,35,93,,,1.8,267,,243,109,57,28,19,7,,,,,,,,,
Stockholm-arlanda (SMHI),460,20210429,119,24,2.8,-3.3,7.7,,,,65.4,37,89,,,1.6,54,,246,111,58,28,19,7,,,,,,,,,
Stockholm-arlanda (SMHI),460,20210430,120,24,3.4,-5.5,10,,,,57,29,94,,,2.5,354,,251,113,59,29,19,7,,,,,,,,,
Stockholm-arlanda (SMHI),460,20210501,121,24,3.7,-3.4,8.6,,,,54.7,35,86,,,2.4,17,,255,115,60,29,19,7,,,,,,,,,
Stockholm-arlanda (SMHI),460,20210502,122,24,5.7,1.2,9.5,,,,51.1,39,68,,,3.6,141,,261,118,62,30,19,7,,,,,,,,,
Stockholm-arlanda (SMHI),460,20210503,123,24,5.5,-2.9,10.5,,,,54.8,35,92,,,1.8,101,,266,121,64,31,20,7,,,,,,,,,
Stockholm-arlanda (SMHI),460,20210504,124,24,5.6,1.8,10.2,,,,63.8,34,90,,,4.1,105,,272,124,66,31,20,7,,,,,,,,,
Stockholm-arlanda (SMHI),460,20210505,125,24,2.3,1.1,3.5,,,,93,87,96,,,6.8,57,,274,124,66,31,20,7,,,,,,,,,
Stockholm-arlanda (SMHI),460,20210506,126,24,2.4,1.3,3.7,,,,91.6,85,98,,,5,357,,277,124,66,31,20,7,,,,,,,,,
Stockholm-arlanda (SMHI),460,20210507,127,24,2.6,0.8,5.8,,,,78.5,48,94,,,2.8,341,,279,125,66,31,20,7,,,,,,,,,
Stockholm-arlanda (SMHI),460,20210508,128,24,5.8,-1.2,10.6,,,,65.2,33,96,,,2.6,263,,285,128,68,32,21,7,,,,,,,,,
Stockholm-arlanda (SMHI),460,20210509,129,24,6,1.7,10.3,,,,81.4,47,99,,,4.1,155,,291,131,69,33,21,7,,,,,,,,,
Stockholm-arlanda (SMHI),460,20210510,130,24,12.3,6.2,17.7,,,,76.8,55,100,,,4,160,,304,141,77,38,25,10,,,,,,,,,
Stockholm-arlanda (SMHI),460,20210511,131,24,15.1,7.9,23,,,,66.3,47,82,,,1.8,111,,319,153,87,46,33,16,,,,,,,,,
Stockholm-arlanda (SMHI),460,20210512,132,24,15.5,7.2,20.4,,,,53.2,35,89,,,4.4,120,,334,165,97,55,40,21,,,,,,,,,
Stockholm-arlanda (SMHI),460,20210513,133,24,17.1,11.1,22.1,,,,51.5,31,74,,,3.2,119,,351,179,109,65,49,29,,,,,,,,,
Stockholm-arlanda (SMHI),460,20210514,134,24,11.9,7.3,15.7,,,,76.1,59,98,,,2.6,63,,363,188,116,70,53,31,,,,,,,,,
Stockholm-arlanda (SMHI),460,20210515,135,24,9.1,6.2,13.4,,,,89.1,69,100,,,3,128,,372,194,120,72,55,32,,,,,,,,,
Stockholm-arlanda (SMHI),460,20210516,136,24,10.4,7,15,,,,78.1,56,98,,,3.2,146,,382,201,126,75,57,33,,,,,,,,,
Stockholm-arlanda (SMHI),460,20210517,137,24,10.3,7.1,14.9,,,,86,64,99,,,4.2,152,,392,209,131,79,60,34,,,,,,,,,
Stockholm-arlanda (SMHI),460,20210518,138,24,11,5.7,16.8,,,,76.3,44,100,,,1.8,227,,403,217,137,83,63,37,,,,,,,,,
Stockholm-arlanda (SMHI),460,20210519,139,24,11.9,4.9,17.3,,,,72.4,48,94,,,1.9,320,,415,226,144,88,67,39,,,,,,,,,
Stockholm-arlanda (SMHI),460,20210520,140,24,10.9,5.7,14.2,,,,71.3,54,92,,,2.6,247,,426,234,150,92,70,41,,,,,,,,,
Stockholm-arlanda (SMHI),460,20210521,141,24,9.8,4.9,15.4,,,,79.8,54,97,,,2.3,226,,436,240,154,95,73,42,,,,,,,,,
Stockholm-arlanda (SMHI),460,20210522,142,24,10.1,4.7,14.9,,,,74.3,47,98,,,2.1,234,,446,247,160,98,76,44,,,,,,,,,
Stockholm-arlanda (SMHI),460,20210523,143,24,7.2,2.8,12.1,,,,91,76,99,,,3.8,34,,453,252,162,100,76,44,,,,,,,,,
Stockholm-arlanda (SMHI),460,20210524,144,24,8.3,4.9,11.4,,,,88.9,70,99,,,1.9,65,,462,257,165,101,77,44,,,,,,,,,
Stockholm-arlanda (SMHI),460,20210525,145,24,10.9,7.3,14.4,,,,75.7,47,100,,,4.5,79,,472,264,171,105,80,46,,,,,,,,,
Stockholm-arlanda (SMHI),460,20210526,146,24,8.2,6.2,9.4,,,,95.7,93,97,,,6,28,,480,269,174,106,81,46,,,,,,,,,
Stockholm-arlanda (SMHI),460,20210527,147,24,5.8,5,6.7,,,,96.7,94,99,,,3.8,328,,486,272,175,106,81,46,,,,,,,,,
Stockholm-arlanda (SMHI),460,20210528,148,24,9.9,4.7,16.2,,,,70.9,35,100,,,2.9,3,,495,279,180,110,84,48,,,,,,,,,
Stockholm-arlanda (SMHI),460,20210529,149,24,11.5,4.6,16.3,,,,52.1,34,81,,,2.4,39,,507,288,186,115,88,50,,,,,,,,,
Stockholm-arlanda (SMHI),460,20210530,150,24,12.9,2.4,19.7,,,,51.1,32,90,,,1.9,209,,520,298,195,121,94,55,,,,,,,,,
Stockholm-arlanda (SMHI),460,20210531,151,24,12.8,7.2,19.7,,,,55.7,31,75,,,2.9,360,,533,307,202,127,98,58,,,,,,,,,
Stockholm-arlanda (SMHI),460,20210601,152,24,11.9,5.7,16.3,,,,64.9,46,89,,,4.1,41,,545,316,209,132,103,61,,,,,,,,,
Stockholm-arlanda (SMHI),460,20210602,153,24,14.2,6.4,19.9,,,,58.2,38,91,,,2.6,71,,558,327,218,139,109,65,,,,,,,,,
Stockholm-arlanda (SMHI),460,20210603,154,24,15.1,4.7,21.8,,,,56.6,33,94,,,2,105,,573,339,228,147,116,71,,,,,,,,,
Stockholm-arlanda (SMHI),460,20210604,155,24,15.3,5.2,20.6,,,,54.4,33,94,,,1.7,59,,589,351,238,156,124,78,,,,,,,,,
Stockholm-arlanda (SMHI),460,20210605,156,24,17.4,7.4,23.4,,,,54.5,34,89,,,2,111,,606,366,251,166,133,85,,,,,,,,,
Stockholm-arlanda (SMHI),460,20210606,157,24,18.6,11.3,24.1,,,,52.3,33,90,,,2.1,160,,625,381,264,178,144,94,,,,,,,,,
Stockholm-arlanda (SMHI),460,20210607,158,24,18.5,12.5,24.4,,,,62.6,40,92,,,1.9,282,,643,397,278,189,154,102,,,,,,,,,
Stockholm-arlanda (SMHI),460,20210608,159,24,16,12.1,19.4,,,,87.3,70,100,,,1.3,14,,659,410,289,198,162,108,,,,,,,,,
Stockholm-arlanda (SMHI),460,20210609,160,24,17,10.6,20.6,,,,80.9,60,100,,,1.2,279,,675,423,300,208,171,115,,,,,,,,,
Stockholm-arlanda (SMHI),460,20210610,161,24,18.1,11.7,22.5,,,,62.8,33,99,,,1.8,230,,693,438,313,219,181,123,,,,,,,,,
Stockholm-arlanda (SMHI),460,20210611,162,24,18.6,12.3,23.7,,,,70.4,50,90,,,3.6,194,,710,452,325,229,190,130,,,,,,,,,
Stockholm-arlanda (SMHI),460,20210612,163,24,14.8,10,17.6,,,,87.9,71,100,,,3.4,265,,724,463,335,237,197,135,,,,,,,,,
Stockholm-arlanda (SMHI),460,20210613,164,24,14.5,10.2,18.8,,,,58.8,34,100,,,3.3,295,,738,475,344,244,203,140,,,,,,,,,
Stockholm-arlanda (SMHI),460,20210614,165,24,16,11.1,19.6,,,,70.6,61,82,,,5.7,219,,754,488,355,253,212,146,,,,,,,,,
